full_name,prediction,probability,loan_amount,annual_income,debt_to_income_ratio,credit_score,interest_rate,gender,marital_status,education_level,employment_status,loan_purpose,grade_subgrade,timestamp
2025-12-23 12:35:14,Nelson TUYISHIMIRE,300,400000000,60,700,70,Male,Divorced,Bachelor,Employed,Personal,A1,Will Repay,0.6652
2025-12-23 12:38:42,Lionel Messi,12000,9560000,15,710,4.5,Male,Married,Bachelor,Employed,Business,A1,Will Repay,0.7895
2025-12-23 12:38:42,Cristiano Ronaldo,15000,95000,18,720,5,Male,Married,Bachelor,Self-Employed,Personal,A2,Will Not Repay,0.3649
2025-12-23 12:38:42,Neymar Jr,8000,70000,12,690,5.2,Male,Single,Bachelor,Employed,Education,B1,Will Not Repay,0.3431
2025-12-23 12:38:42,Kylian Mbappé,10000,80000,14,700,4.8,Male,Single,Bachelor,Employed,Business,B2,Will Not Repay,0.3671
2025-12-23 12:38:42,Mohamed Salah,9000,75000,13,695,5.1,Male,Married,Bachelor,Employed,Housing,B2,Will Not Repay,0.3249
2025-12-23 12:38:42,Erling Haaland,11000,82000,16,705,4.7,Male,Single,Bachelor,Employed,Business,A2,Will Not Repay,0.3724
2025-12-23 12:38:42,Sergio Ramos,7000,65000,10,680,5.5,Male,Married,Bachelor,Employed,Personal,C1,Will Not Repay,0.2972
2025-12-23 12:38:42,Luka Modrić,8500,72000,11,690,5,Male,Married,Bachelor,Employed,Education,B1,Will Not Repay,0.3184
2025-12-23 12:38:42,Kevin De Bruyne,9500,78000,12,700,4.9,Male,Married,Bachelor,Employed,Housing,B2,Will Not Repay,0.3455
2025-12-23 12:38:42,Robert Lewandowski,13000,88000,17,715,4.6,Male,Married,Bachelor,Self-Employed,Business,A1,Will Not Repay,0.3094
2025-12-23 12:39:23,Lionel Messi,12000,90000,15,710,4.5,Male,Married,Bachelor,Employed,Business,A1,Will Not Repay,0.4072
2025-12-23 12:39:23,Cristiano Ronaldo,15000,95000,18,720,5,Male,Married,Bachelor,Self-Employed,Personal,A2,Will Not Repay,0.3649
2025-12-23 12:39:23,Neymar Jr,8000,70000,12,690,5.2,Male,Single,Bachelor,Employed,Education,B1,Will Not Repay,0.3431
2025-12-23 12:39:23,Kylian Mbappé,10000,80000,14,700,4.8,Male,Single,Bachelor,Employed,Business,B2,Will Not Repay,0.3671
2025-12-23 12:39:23,Mohamed Salah,9000,75000,13,695,5.1,Male,Married,Bachelor,Employed,Housing,B2,Will Not Repay,0.3249
2025-12-23 12:39:23,Erling Haaland,11000,82000,16,705,4.7,Male,Single,Bachelor,Employed,Business,A2,Will Not Repay,0.3724
2025-12-23 12:39:23,Sergio Ramos,7000,65000,10,680,5.5,Male,Married,Bachelor,Employed,Personal,C1,Will Not Repay,0.2972
2025-12-23 12:39:23,Luka Modrić,8500,72000,11,690,5,Male,Married,Bachelor,Employed,Education,B1,Will Not Repay,0.3184
2025-12-23 12:39:23,Kevin De Bruyne,9500,78000,12,700,4.9,Male,Married,Bachelor,Employed,Housing,B2,Will Not Repay,0.3455
2025-12-23 12:39:23,Robert Lewandowski,13000,88000,17,715,4.6,Male,Married,Bachelor,Self-Employed,Business,A1,Will Not Repay,0.3094
2025-12-23 12:46:09,Nelson TUYISHIMIRE,30,6000000,50,700,40,Male,Married,Bachelor,Self-Employed,Personal,A1,Will Repay,0.6652
2025-12-23 12:50:27,Bruce Melodie,12000,95000,15,710,4.5,Male,Single,Bachelor,Employed,Business,A1,Will Not Repay,0.4227
2025-12-23 12:50:27,Meddy,15000,100000,18,720,5,Male,Married,Bachelor,Self-Employed,Personal,A2,Will Not Repay,0.3649
2025-12-23 12:50:27,The Ben,8000,70000,12,690,5.2,Male,Married,Bachelor,Employed,Education,B1,Will Not Repay,0.3431
2025-12-23 12:50:27,King James,10000,80000,14,700,4.8,Male,Single,Bachelor,Employed,Business,B2,Will Not Repay,0.3671
2025-12-23 12:50:27,Charly & Nina,9000,75000,13,695,5.1,Female,Single,Bachelor,Employed,Housing,B2,Will Not Repay,0.3249
2025-12-23 12:50:27,Social Mula,11000,82000,16,705,4.7,Male,Single,Bachelor,Employed,Business,A2,Will Not Repay,0.3724
2025-12-23 12:50:27,Uncle Austin,7000,65000,10,680,5.5,Male,Married,Bachelor,Employed,Personal,C1,Will Not Repay,0.2972
2025-12-23 12:50:27,Queen Cha,8500,72000,11,690,5,Female,Single,Bachelor,Employed,Education,B1,Will Not Repay,0.3184
2025-12-23 12:50:27,King James Jr,9500,78000,12,700,4.9,Male,Single,Bachelor,Employed,Housing,B2,Will Not Repay,0.3455
2025-12-23 12:50:27,Uncle Ben,13000,88000,17,715,4.6,Male,Married,Bachelor,Self-Employed,Business,A1,Will Not Repay,0.3094
2025-12-23 12:52:17,Lionel Messi,12000,9560000,15,710,4.5,Male,Married,Bachelor,Employed,Business,A1,Will Repay,0.7895
2025-12-23 12:52:17,Cristiano Ronaldo,15000,95000,18,720,5,Male,Married,Bachelor,Self-Employed,Personal,A2,Will Not Repay,0.3649
2025-12-23 12:52:17,Neymar Jr,8000,70000,12,690,5.2,Male,Single,Bachelor,Employed,Education,B1,Will Not Repay,0.3431
2025-12-23 12:52:17,Kylian Mbappé,10000,80000,14,700,4.8,Male,Single,Bachelor,Employed,Business,B2,Will Not Repay,0.3671
2025-12-23 12:52:17,Mohamed Salah,9000,75000,13,695,5.1,Male,Married,Bachelor,Employed,Housing,B2,Will Not Repay,0.3249
2025-12-23 12:52:17,Erling Haaland,11000,82000,16,705,4.7,Male,Single,Bachelor,Employed,Business,A2,Will Not Repay,0.3724
2025-12-23 12:52:17,Sergio Ramos,7000,65000,10,680,5.5,Male,Married,Bachelor,Employed,Personal,C1,Will Not Repay,0.2972
2025-12-23 12:52:17,Luka Modrić,8500,72000,11,690,5,Male,Married,Bachelor,Employed,Education,B1,Will Not Repay,0.3184
2025-12-23 12:52:17,Kevin De Bruyne,9500,78000,12,700,4.9,Male,Married,Bachelor,Employed,Housing,B2,Will Not Repay,0.3455
2025-12-23 12:52:17,Robert Lewandowski,13000,88000,17,715,4.6,Male,Married,Bachelor,Self-Employed,Business,A1,Will Not Repay,0.3094
2025-12-23 13:19:52,ssss,40000,567000000,60,670,80,Female,Divorced,Master,Self-Employed,Business,A1,Will Repay,0.7403
2025-12-24 10:41:22,nelson semedo,39000.0,250000000.0,70.0,700.0,70.0,Male,Married,Master,Self-Employed,Personal,A1,Will Repay,0.8707
2025-12-24 10:42:43,nelson semedo,39000.0,250000000.0,70.0,300.0,70.0,Male,Married,Master,Self-Employed,Personal,A1,Will Repay,0.729
2025-12-24 10:44:26,Nelson TUYISHIMIRE,45000.0,50400000.0,60.0,700.0,50.0,Male,Single,Bachelor,Employed,Personal,A1,Will Repay,0.8285
2025-12-24 10:45:26,Bruce Melodie,12000.0,95000.0,15.0,710.0,4.5,Male,Single,Bachelor,Employed,Business,A1,Will Not Repay,0.4227
2025-12-24 10:45:26,Meddy,15000.0,100000.0,18.0,720.0,5.0,Male,Married,Bachelor,Self-Employed,Personal,A2,Will Not Repay,0.3649
2025-12-24 10:46:12,Bruce Melodie,12000.0,95000.0,15.0,710.0,4.5,Male,Single,Bachelor,Employed,Business,A1,Will Not Repay,0.4227
2025-12-24 10:46:12,Meddy,15000.0,100000.0,18.0,720.0,5.0,Male,Married,Bachelor,Self-Employed,Personal,A2,Will Not Repay,0.3649
2025-12-24 10:46:12,The Ben,8000.0,70000.0,12.0,690.0,5.2,Male,Married,Bachelor,Employed,Education,B1,Will Not Repay,0.3431
2025-12-24 10:46:12,King James,10000.0,80000.0,14.0,700.0,4.8,Male,Single,Bachelor,Employed,Business,B2,Will Not Repay,0.3671
2025-12-24 10:46:12,Charly & Nina,9000.0,75000.0,13.0,695.0,5.1,Female,Single,Bachelor,Employed,Housing,B2,Will Not Repay,0.3249
2025-12-24 10:46:12,Social Mula,11000.0,82000.0,16.0,705.0,4.7,Male,Single,Bachelor,Employed,Business,A2,Will Not Repay,0.3724
2025-12-24 10:46:12,Uncle Austin,7000.0,65000.0,10.0,680.0,5.5,Male,Married,Bachelor,Employed,Personal,C1,Will Not Repay,0.2972
2025-12-24 10:46:12,Queen Cha,8500.0,72000.0,11.0,690.0,5.0,Female,Single,Bachelor,Employed,Education,B1,Will Not Repay,0.3184
2025-12-24 10:46:12,King James Jr,9500.0,78000.0,12.0,700.0,4.9,Male,Single,Bachelor,Employed,Housing,B2,Will Not Repay,0.3455
2025-12-24 10:46:12,Uncle Ben,13000.0,88000.0,17.0,715.0,4.6,Male,Married,Bachelor,Self-Employed,Business,A1,Will Not Repay,0.3094
2025-12-24 11:28:55,emerance irumva,100000.0,700000.0,700.0,800.0,40.0,Female,Single,Bachelor,Employed,Business,A2,Will Not Repay,4
2025-12-24 11:29:41,Nelson TUYISHIMIRE,45000.0,50400000.0,60.0,700.0,50.0,Male,Single,Bachelor,Employed,Personal,A1,Will Repay,0.8285
2025-12-24 11:30:09,emerance irumva,100000.0,700000.0,700.0,800.0,40.0,Female,Single,Bachelor,Employed,Business,A2,Will Not Repay,0.0351
2025-12-24 12:47:56,Bruce Melodie,12000.0,95000.0,15.0,710.0,4.5,Male,Single,Bachelor,Employed,Business,A1,Will Not Repay,0.4227
2025-12-24 12:47:56,Meddy,15000.0,100000.0,18.0,720.0,5.0,Male,Married,Bachelor,Self-Employed,Personal,A2,Will Not Repay,0.3649
2025-12-24 13:02:17,Jane Smith,25000.0,75000.0,30.0,750.0,7.2,Female,Single,Master,Employed,Education,A2,Will Not Repay,0.4146
2025-12-27 15:21:59,Amina Yusuf,22000.0,70000.0,26.5,745.0,7.8,Female,Single,Master,Employed,Education,A1,Will Not Repay,0.4575
2025-12-27 15:36:40,Amina Yusuf,22000.0,70000.0,26.5,745.0,7.8,Female,Single,Master,Employed,Education,A1,Will Not Repay,0.4575
2025-12-27 15:53:32,Ahmed Hassan,18000.0,65000.0,28.0,710.0,9.0,Male,Married,Bachelor,Self-Employed,Business,A2,Will Not Repay,0.2591
2025-12-27 16:07:20,Amina Yusuf,22000.0,70000.0,26.5,745.0,7.8,Female,Single,Master,Employed,Education,A1,Will Not Repay,0.4575
